location,forecast_date,target,target_end_date,type,quantile,value
06,2021-03-01,1 day ahead inc hosp,2021-03-02,quantile,0.01,372.5473963396609
06,2021-03-01,1 day ahead inc hosp,2021-03-02,quantile,0.025,385.48386379498083
06,2021-03-01,1 day ahead inc hosp,2021-03-02,quantile,0.05,396.7109171369618
06,2021-03-01,1 day ahead inc hosp,2021-03-02,quantile,0.1,411.75495314693956
06,2021-03-01,1 day ahead inc hosp,2021-03-02,quantile,0.15,420.34376124442855
06,2021-03-01,1 day ahead inc hosp,2021-03-02,quantile,0.2,427.5959778465969
06,2021-03-01,1 day ahead inc hosp,2021-03-02,quantile,0.25,434.19811501796903
06,2021-03-01,1 day ahead inc hosp,2021-03-02,quantile,0.3,441.1974095196885
06,2021-03-01,1 day ahead inc hosp,2021-03-02,quantile,0.35,447.6528267795362
06,2021-03-01,1 day ahead inc hosp,2021-03-02,quantile,0.4,453.4632865421685
06,2021-03-01,1 day ahead inc hosp,2021-03-02,quantile,0.45,458.79073406323965
06,2021-03-01,1 day ahead inc hosp,2021-03-02,quantile,0.5,463.3771156509451
06,2021-03-01,1 day ahead inc hosp,2021-03-02,quantile,0.55,468.7978645009828
06,2021-03-01,1 day ahead inc hosp,2021-03-02,quantile,0.6,473.21303599494524
06,2021-03-01,1 day ahead inc hosp,2021-03-02,quantile,0.65,478.8565443768201
06,2021-03-01,1 day ahead inc hosp,2021-03-02,quantile,0.7,483.3770990188044
06,2021-03-01,1 day ahead inc hosp,2021-03-02,quantile,0.75,490.4030937976432
06,2021-03-01,1 day ahead inc hosp,2021-03-02,quantile,0.8,496.87735778667917
06,2021-03-01,1 day ahead inc hosp,2021-03-02,quantile,0.85,504.2431529740931
06,2021-03-01,1 day ahead inc hosp,2021-03-02,quantile,0.9,516.1053090338562
06,2021-03-01,1 day ahead inc hosp,2021-03-02,quantile,0.95,530.5358383316765
06,2021-03-01,1 day ahead inc hosp,2021-03-02,quantile,0.975,548.3911228722552
06,2021-03-01,1 day ahead inc hosp,2021-03-02,quantile,0.99,565.5496502861068
06,2021-03-01,2 day ahead inc hosp,2021-03-03,quantile,0.01,323.8996533806566
06,2021-03-01,2 day ahead inc hosp,2021-03-03,quantile,0.025,345.59178730758003
06,2021-03-01,2 day ahead inc hosp,2021-03-03,quantile,0.05,358.68911025552825
06,2021-03-01,2 day ahead inc hosp,2021-03-03,quantile,0.1,370.0372853484145
06,2021-03-01,2 day ahead inc hosp,2021-03-03,quantile,0.15,380.61093631032037
06,2021-03-01,2 day ahead inc hosp,2021-03-03,quantile,0.2,387.9879989081643
06,2021-03-01,2 day ahead inc hosp,2021-03-03,quantile,0.25,395.3134758269269
06,2021-03-01,2 day ahead inc hosp,2021-03-03,quantile,0.3,402.6923705651784
06,2021-03-01,2 day ahead inc hosp,2021-03-03,quantile,0.35,409.85769795887717
06,2021-03-01,2 day ahead inc hosp,2021-03-03,quantile,0.4,416.0099990714723
06,2021-03-01,2 day ahead inc hosp,2021-03-03,quantile,0.45,421.3028849716738
06,2021-03-01,2 day ahead inc hosp,2021-03-03,quantile,0.5,427.39754189246696
06,2021-03-01,2 day ahead inc hosp,2021-03-03,quantile,0.55,433.28350620267116
06,2021-03-01,2 day ahead inc hosp,2021-03-03,quantile,0.6,439.13162976481243
06,2021-03-01,2 day ahead inc hosp,2021-03-03,quantile,0.65,445.0259750212106
06,2021-03-01,2 day ahead inc hosp,2021-03-03,quantile,0.7,451.50756259327426
06,2021-03-01,2 day ahead inc hosp,2021-03-03,quantile,0.75,457.9903520517247
06,2021-03-01,2 day ahead inc hosp,2021-03-03,quantile,0.8,467.5108362038689
06,2021-03-01,2 day ahead inc hosp,2021-03-03,quantile,0.85,475.7706940044263
06,2021-03-01,2 day ahead inc hosp,2021-03-03,quantile,0.9,488.90843505222654
06,2021-03-01,2 day ahead inc hosp,2021-03-03,quantile,0.95,508.1880148807339
06,2021-03-01,2 day ahead inc hosp,2021-03-03,quantile,0.975,523.0230849712372
06,2021-03-01,2 day ahead inc hosp,2021-03-03,quantile,0.99,545.8684847115156
06,2021-03-01,3 day ahead inc hosp,2021-03-04,quantile,0.01,287.2106940998049
06,2021-03-01,3 day ahead inc hosp,2021-03-04,quantile,0.025,306.7602061391229
06,2021-03-01,3 day ahead inc hosp,2021-03-04,quantile,0.05,323.0593513475546
06,2021-03-01,3 day ahead inc hosp,2021-03-04,quantile,0.1,335.91708087534346
06,2021-03-01,3 day ahead inc hosp,2021-03-04,quantile,0.15,346.7078621367152
06,2021-03-01,3 day ahead inc hosp,2021-03-04,quantile,0.2,356.4811051264059
06,2021-03-01,3 day ahead inc hosp,2021-03-04,quantile,0.25,363.313462869787
06,2021-03-01,3 day ahead inc hosp,2021-03-04,quantile,0.3,371.3047350518563
06,2021-03-01,3 day ahead inc hosp,2021-03-04,quantile,0.35,376.9174396539502
06,2021-03-01,3 day ahead inc hosp,2021-03-04,quantile,0.4,382.96180081517747
06,2021-03-01,3 day ahead inc hosp,2021-03-04,quantile,0.45,389.7652235526581
06,2021-03-01,3 day ahead inc hosp,2021-03-04,quantile,0.5,395.2868859702635
06,2021-03-01,3 day ahead inc hosp,2021-03-04,quantile,0.55,400.94037115852274
06,2021-03-01,3 day ahead inc hosp,2021-03-04,quantile,0.6,406.13874483242654
06,2021-03-01,3 day ahead inc hosp,2021-03-04,quantile,0.65,412.98189657412286
06,2021-03-01,3 day ahead inc hosp,2021-03-04,quantile,0.7,423.14187072567967
06,2021-03-01,3 day ahead inc hosp,2021-03-04,quantile,0.75,430.9639523956169
06,2021-03-01,3 day ahead inc hosp,2021-03-04,quantile,0.8,440.23633585715817
06,2021-03-01,3 day ahead inc hosp,2021-03-04,quantile,0.85,452.10794450205157
06,2021-03-01,3 day ahead inc hosp,2021-03-04,quantile,0.9,462.89118553823516
06,2021-03-01,3 day ahead inc hosp,2021-03-04,quantile,0.95,487.312289253063
06,2021-03-01,3 day ahead inc hosp,2021-03-04,quantile,0.975,507.0198944592078
06,2021-03-01,3 day ahead inc hosp,2021-03-04,quantile,0.99,530.170662377841
06,2021-03-01,4 day ahead inc hosp,2021-03-05,quantile,0.01,286.54426081457683
06,2021-03-01,4 day ahead inc hosp,2021-03-05,quantile,0.025,305.5153817635979
06,2021-03-01,4 day ahead inc hosp,2021-03-05,quantile,0.05,316.19466200009515
06,2021-03-01,4 day ahead inc hosp,2021-03-05,quantile,0.1,333.52451679391504
06,2021-03-01,4 day ahead inc hosp,2021-03-05,quantile,0.15,343.18601423243405
06,2021-03-01,4 day ahead inc hosp,2021-03-05,quantile,0.2,353.00228782933135
06,2021-03-01,4 day ahead inc hosp,2021-03-05,quantile,0.25,360.4850910669314
06,2021-03-01,4 day ahead inc hosp,2021-03-05,quantile,0.3,368.4803858712022
06,2021-03-01,4 day ahead inc hosp,2021-03-05,quantile,0.35,375.84322392482085
06,2021-03-01,4 day ahead inc hosp,2021-03-05,quantile,0.4,383.7724175035771
06,2021-03-01,4 day ahead inc hosp,2021-03-05,quantile,0.45,390.29887777496526
06,2021-03-01,4 day ahead inc hosp,2021-03-05,quantile,0.5,396.205498472978
06,2021-03-01,4 day ahead inc hosp,2021-03-05,quantile,0.55,404.7482554663562
06,2021-03-01,4 day ahead inc hosp,2021-03-05,quantile,0.6,412.02935336867796
06,2021-03-01,4 day ahead inc hosp,2021-03-05,quantile,0.65,417.3441018908136
06,2021-03-01,4 day ahead inc hosp,2021-03-05,quantile,0.7,426.5059716919656
06,2021-03-01,4 day ahead inc hosp,2021-03-05,quantile,0.75,436.0730820066179
06,2021-03-01,4 day ahead inc hosp,2021-03-05,quantile,0.8,446.35948788655145
06,2021-03-01,4 day ahead inc hosp,2021-03-05,quantile,0.85,459.6943522680597
06,2021-03-01,4 day ahead inc hosp,2021-03-05,quantile,0.9,476.27621777072324
06,2021-03-01,4 day ahead inc hosp,2021-03-05,quantile,0.95,501.6402136915133
06,2021-03-01,4 day ahead inc hosp,2021-03-05,quantile,0.975,513.3025580926842
06,2021-03-01,4 day ahead inc hosp,2021-03-05,quantile,0.99,535.2281702275192
06,2021-03-01,5 day ahead inc hosp,2021-03-06,quantile,0.01,223.29950861876245
06,2021-03-01,5 day ahead inc hosp,2021-03-06,quantile,0.025,244.49400200481713
06,2021-03-01,5 day ahead inc hosp,2021-03-06,quantile,0.05,260.95634753716405
06,2021-03-01,5 day ahead inc hosp,2021-03-06,quantile,0.1,277.2274729366501
06,2021-03-01,5 day ahead inc hosp,2021-03-06,quantile,0.15,287.5824434280175
06,2021-03-01,5 day ahead inc hosp,2021-03-06,quantile,0.2,296.5676951378388
06,2021-03-01,5 day ahead inc hosp,2021-03-06,quantile,0.25,306.8328249175828
06,2021-03-01,5 day ahead inc hosp,2021-03-06,quantile,0.3,314.55583298680455
06,2021-03-01,5 day ahead inc hosp,2021-03-06,quantile,0.35,321.5980731537486
06,2021-03-01,5 day ahead inc hosp,2021-03-06,quantile,0.4,330.3053038415951
06,2021-03-01,5 day ahead inc hosp,2021-03-06,quantile,0.45,336.44829005333236
06,2021-03-01,5 day ahead inc hosp,2021-03-06,quantile,0.5,344.43405346147716
06,2021-03-01,5 day ahead inc hosp,2021-03-06,quantile,0.55,351.2234558450302
06,2021-03-01,5 day ahead inc hosp,2021-03-06,quantile,0.6,357.844992631637
06,2021-03-01,5 day ahead inc hosp,2021-03-06,quantile,0.65,366.4961684102707
06,2021-03-01,5 day ahead inc hosp,2021-03-06,quantile,0.7,372.8258879838575
06,2021-03-01,5 day ahead inc hosp,2021-03-06,quantile,0.75,381.54637006362884
06,2021-03-01,5 day ahead inc hosp,2021-03-06,quantile,0.8,390.67612552101696
06,2021-03-01,5 day ahead inc hosp,2021-03-06,quantile,0.85,400.3435999735734
06,2021-03-01,5 day ahead inc hosp,2021-03-06,quantile,0.9,413.6833597552821
06,2021-03-01,5 day ahead inc hosp,2021-03-06,quantile,0.95,438.9555491495773
06,2021-03-01,5 day ahead inc hosp,2021-03-06,quantile,0.975,465.8517616525327
06,2021-03-01,5 day ahead inc hosp,2021-03-06,quantile,0.99,487.5028166865869
06,2021-03-01,6 day ahead inc hosp,2021-03-07,quantile,0.01,190.30224618715474
06,2021-03-01,6 day ahead inc hosp,2021-03-07,quantile,0.025,202.98441710840768
06,2021-03-01,6 day ahead inc hosp,2021-03-07,quantile,0.05,221.3083420670664
06,2021-03-01,6 day ahead inc hosp,2021-03-07,quantile,0.1,236.63448068760317
06,2021-03-01,6 day ahead inc hosp,2021-03-07,quantile,0.15,246.53171958512328
06,2021-03-01,6 day ahead inc hosp,2021-03-07,quantile,0.2,255.9121206899218
06,2021-03-01,6 day ahead inc hosp,2021-03-07,quantile,0.25,263.9274967167007
06,2021-03-01,6 day ahead inc hosp,2021-03-07,quantile,0.3,272.84732338584473
06,2021-03-01,6 day ahead inc hosp,2021-03-07,quantile,0.35,279.7346296315701
06,2021-03-01,6 day ahead inc hosp,2021-03-07,quantile,0.4,284.8700231496146
06,2021-03-01,6 day ahead inc hosp,2021-03-07,quantile,0.45,292.5444815430773
06,2021-03-01,6 day ahead inc hosp,2021-03-07,quantile,0.5,302.8748408457332
06,2021-03-01,6 day ahead inc hosp,2021-03-07,quantile,0.55,309.49677955459555
06,2021-03-01,6 day ahead inc hosp,2021-03-07,quantile,0.6,314.81332916186835
06,2021-03-01,6 day ahead inc hosp,2021-03-07,quantile,0.65,322.13561806924275
06,2021-03-01,6 day ahead inc hosp,2021-03-07,quantile,0.7,329.18106900708887
06,2021-03-01,6 day ahead inc hosp,2021-03-07,quantile,0.75,337.7260720719496
06,2021-03-01,6 day ahead inc hosp,2021-03-07,quantile,0.8,345.94144720141554
06,2021-03-01,6 day ahead inc hosp,2021-03-07,quantile,0.85,355.6165764522217
06,2021-03-01,6 day ahead inc hosp,2021-03-07,quantile,0.9,372.83891548737586
06,2021-03-01,6 day ahead inc hosp,2021-03-07,quantile,0.95,392.1292746413142
06,2021-03-01,6 day ahead inc hosp,2021-03-07,quantile,0.975,413.66201105044235
06,2021-03-01,6 day ahead inc hosp,2021-03-07,quantile,0.99,441.44616485487916
06,2021-03-01,7 day ahead inc hosp,2021-03-08,quantile,0.01,218.33545056130234
06,2021-03-01,7 day ahead inc hosp,2021-03-08,quantile,0.025,242.7788366096638
06,2021-03-01,7 day ahead inc hosp,2021-03-08,quantile,0.05,257.31595075969653
06,2021-03-01,7 day ahead inc hosp,2021-03-08,quantile,0.1,276.9112635203116
06,2021-03-01,7 day ahead inc hosp,2021-03-08,quantile,0.15,291.0753880678029
06,2021-03-01,7 day ahead inc hosp,2021-03-08,quantile,0.2,301.5872075764204
06,2021-03-01,7 day ahead inc hosp,2021-03-08,quantile,0.25,314.0210318000419
06,2021-03-01,7 day ahead inc hosp,2021-03-08,quantile,0.3,323.1120411282624
06,2021-03-01,7 day ahead inc hosp,2021-03-08,quantile,0.35,333.45397053596685
06,2021-03-01,7 day ahead inc hosp,2021-03-08,quantile,0.4,343.4477001536499
06,2021-03-01,7 day ahead inc hosp,2021-03-08,quantile,0.45,351.38734440707293
06,2021-03-01,7 day ahead inc hosp,2021-03-08,quantile,0.5,360.35717511047864
06,2021-03-01,7 day ahead inc hosp,2021-03-08,quantile,0.55,368.9238002540561
06,2021-03-01,7 day ahead inc hosp,2021-03-08,quantile,0.6,376.07089426700685
06,2021-03-01,7 day ahead inc hosp,2021-03-08,quantile,0.65,383.9714177022932
06,2021-03-01,7 day ahead inc hosp,2021-03-08,quantile,0.7,390.1313351830729
06,2021-03-01,7 day ahead inc hosp,2021-03-08,quantile,0.75,399.21175942901124
06,2021-03-01,7 day ahead inc hosp,2021-03-08,quantile,0.8,409.4797573642133
06,2021-03-01,7 day ahead inc hosp,2021-03-08,quantile,0.85,421.4472191960616
06,2021-03-01,7 day ahead inc hosp,2021-03-08,quantile,0.9,439.5514731533998
06,2021-03-01,7 day ahead inc hosp,2021-03-08,quantile,0.95,473.0116540310223
06,2021-03-01,7 day ahead inc hosp,2021-03-08,quantile,0.975,503.95152744962695
06,2021-03-01,7 day ahead inc hosp,2021-03-08,quantile,0.99,552.3618655506543
06,2021-03-01,8 day ahead inc hosp,2021-03-09,quantile,0.01,205.0474452976077
06,2021-03-01,8 day ahead inc hosp,2021-03-09,quantile,0.025,218.89877301686363
06,2021-03-01,8 day ahead inc hosp,2021-03-09,quantile,0.05,238.94790667014067
06,2021-03-01,8 day ahead inc hosp,2021-03-09,quantile,0.1,261.0443335905731
06,2021-03-01,8 day ahead inc hosp,2021-03-09,quantile,0.15,279.0188759124649
06,2021-03-01,8 day ahead inc hosp,2021-03-09,quantile,0.2,290.79222064858715
06,2021-03-01,8 day ahead inc hosp,2021-03-09,quantile,0.25,302.4101720686064
06,2021-03-01,8 day ahead inc hosp,2021-03-09,quantile,0.3,314.50469173452666
06,2021-03-01,8 day ahead inc hosp,2021-03-09,quantile,0.35,325.06160083511185
06,2021-03-01,8 day ahead inc hosp,2021-03-09,quantile,0.4,334.25318374026125
06,2021-03-01,8 day ahead inc hosp,2021-03-09,quantile,0.45,345.2590212885051
06,2021-03-01,8 day ahead inc hosp,2021-03-09,quantile,0.5,356.3621330018971
06,2021-03-01,8 day ahead inc hosp,2021-03-09,quantile,0.55,363.2024247091906
06,2021-03-01,8 day ahead inc hosp,2021-03-09,quantile,0.6,372.06354084893667
06,2021-03-01,8 day ahead inc hosp,2021-03-09,quantile,0.65,380.4685646726676
06,2021-03-01,8 day ahead inc hosp,2021-03-09,quantile,0.7,389.82994465482443
06,2021-03-01,8 day ahead inc hosp,2021-03-09,quantile,0.75,398.4392042523185
06,2021-03-01,8 day ahead inc hosp,2021-03-09,quantile,0.8,412.1023754630424
06,2021-03-01,8 day ahead inc hosp,2021-03-09,quantile,0.85,424.8051378373436
06,2021-03-01,8 day ahead inc hosp,2021-03-09,quantile,0.9,441.9685222365266
06,2021-03-01,8 day ahead inc hosp,2021-03-09,quantile,0.95,484.2220206638899
06,2021-03-01,8 day ahead inc hosp,2021-03-09,quantile,0.975,526.7552658335895
06,2021-03-01,8 day ahead inc hosp,2021-03-09,quantile,0.99,565.5191674696963
06,2021-03-01,9 day ahead inc hosp,2021-03-10,quantile,0.01,175.34773123250557
06,2021-03-01,9 day ahead inc hosp,2021-03-10,quantile,0.025,196.7258276708713
06,2021-03-01,9 day ahead inc hosp,2021-03-10,quantile,0.05,212.48943794554475
06,2021-03-01,9 day ahead inc hosp,2021-03-10,quantile,0.1,236.2929674794035
06,2021-03-01,9 day ahead inc hosp,2021-03-10,quantile,0.15,249.63442952294406
06,2021-03-01,9 day ahead inc hosp,2021-03-10,quantile,0.2,263.22680620938786
06,2021-03-01,9 day ahead inc hosp,2021-03-10,quantile,0.25,276.7160346551063
06,2021-03-01,9 day ahead inc hosp,2021-03-10,quantile,0.3,288.9022961465096
06,2021-03-01,9 day ahead inc hosp,2021-03-10,quantile,0.35,297.33055120528286
06,2021-03-01,9 day ahead inc hosp,2021-03-10,quantile,0.4,306.49062453053733
06,2021-03-01,9 day ahead inc hosp,2021-03-10,quantile,0.45,314.2916038629194
06,2021-03-01,9 day ahead inc hosp,2021-03-10,quantile,0.5,322.28065848136856
06,2021-03-01,9 day ahead inc hosp,2021-03-10,quantile,0.55,333.22647391917735
06,2021-03-01,9 day ahead inc hosp,2021-03-10,quantile,0.6,341.9390037207045
06,2021-03-01,9 day ahead inc hosp,2021-03-10,quantile,0.65,351.2178154095806
06,2021-03-01,9 day ahead inc hosp,2021-03-10,quantile,0.7,361.7599303477646
06,2021-03-01,9 day ahead inc hosp,2021-03-10,quantile,0.75,373.67590685731466
06,2021-03-01,9 day ahead inc hosp,2021-03-10,quantile,0.8,387.16498455072605
06,2021-03-01,9 day ahead inc hosp,2021-03-10,quantile,0.85,404.2996778704501
06,2021-03-01,9 day ahead inc hosp,2021-03-10,quantile,0.9,426.37423661636313
06,2021-03-01,9 day ahead inc hosp,2021-03-10,quantile,0.95,471.24871414101364
06,2021-03-01,9 day ahead inc hosp,2021-03-10,quantile,0.975,510.3247075879806
06,2021-03-01,9 day ahead inc hosp,2021-03-10,quantile,0.99,544.7045172540519
06,2021-03-01,10 day ahead inc hosp,2021-03-11,quantile,0.01,146.77359480364663
06,2021-03-01,10 day ahead inc hosp,2021-03-11,quantile,0.025,168.99554172746608
06,2021-03-01,10 day ahead inc hosp,2021-03-11,quantile,0.05,191.72863868045445
06,2021-03-01,10 day ahead inc hosp,2021-03-11,quantile,0.1,209.2696905358918
06,2021-03-01,10 day ahead inc hosp,2021-03-11,quantile,0.15,224.81338488693305
06,2021-03-01,10 day ahead inc hosp,2021-03-11,quantile,0.2,235.0452174632643
06,2021-03-01,10 day ahead inc hosp,2021-03-11,quantile,0.25,249.68868831646856
06,2021-03-01,10 day ahead inc hosp,2021-03-11,quantile,0.3,260.45470509054957
06,2021-03-01,10 day ahead inc hosp,2021-03-11,quantile,0.35,269.9893702685598
06,2021-03-01,10 day ahead inc hosp,2021-03-11,quantile,0.4,281.94584755522607
06,2021-03-01,10 day ahead inc hosp,2021-03-11,quantile,0.45,291.13432496171527
06,2021-03-01,10 day ahead inc hosp,2021-03-11,quantile,0.5,299.2094913081273
06,2021-03-01,10 day ahead inc hosp,2021-03-11,quantile,0.55,309.31560058274505
06,2021-03-01,10 day ahead inc hosp,2021-03-11,quantile,0.6,319.0989888786515
06,2021-03-01,10 day ahead inc hosp,2021-03-11,quantile,0.65,329.1619365191866
06,2021-03-01,10 day ahead inc hosp,2021-03-11,quantile,0.7,339.0099691354533
06,2021-03-01,10 day ahead inc hosp,2021-03-11,quantile,0.75,350.3073939135331
06,2021-03-01,10 day ahead inc hosp,2021-03-11,quantile,0.8,360.76035791845
06,2021-03-01,10 day ahead inc hosp,2021-03-11,quantile,0.85,381.6313751392066
06,2021-03-01,10 day ahead inc hosp,2021-03-11,quantile,0.9,408.16665726563076
06,2021-03-01,10 day ahead inc hosp,2021-03-11,quantile,0.95,443.49824028989934
06,2021-03-01,10 day ahead inc hosp,2021-03-11,quantile,0.975,474.1089171728883
06,2021-03-01,10 day ahead inc hosp,2021-03-11,quantile,0.99,516.1863542399497
06,2021-03-01,11 day ahead inc hosp,2021-03-12,quantile,0.01,138.64919569373066
06,2021-03-01,11 day ahead inc hosp,2021-03-12,quantile,0.025,164.0405408605948
06,2021-03-01,11 day ahead inc hosp,2021-03-12,quantile,0.05,181.53097447874447
06,2021-03-01,11 day ahead inc hosp,2021-03-12,quantile,0.1,204.2674740783561
06,2021-03-01,11 day ahead inc hosp,2021-03-12,quantile,0.15,217.55164580510947
06,2021-03-01,11 day ahead inc hosp,2021-03-12,quantile,0.2,234.57661190058144
06,2021-03-01,11 day ahead inc hosp,2021-03-12,quantile,0.25,247.78575841201138
06,2021-03-01,11 day ahead inc hosp,2021-03-12,quantile,0.3,261.66614535115986
06,2021-03-01,11 day ahead inc hosp,2021-03-12,quantile,0.35,271.112129542581
06,2021-03-01,11 day ahead inc hosp,2021-03-12,quantile,0.4,283.1597445752377
06,2021-03-01,11 day ahead inc hosp,2021-03-12,quantile,0.45,292.59576098585285
06,2021-03-01,11 day ahead inc hosp,2021-03-12,quantile,0.5,300.8370521711517
06,2021-03-01,11 day ahead inc hosp,2021-03-12,quantile,0.55,309.2739755585994
06,2021-03-01,11 day ahead inc hosp,2021-03-12,quantile,0.6,318.3827700552592
06,2021-03-01,11 day ahead inc hosp,2021-03-12,quantile,0.65,329.53063422510286
06,2021-03-01,11 day ahead inc hosp,2021-03-12,quantile,0.7,343.84381451008727
06,2021-03-01,11 day ahead inc hosp,2021-03-12,quantile,0.75,360.5239893166132
06,2021-03-01,11 day ahead inc hosp,2021-03-12,quantile,0.8,377.537210953978
06,2021-03-01,11 day ahead inc hosp,2021-03-12,quantile,0.85,394.6252774062187
06,2021-03-01,11 day ahead inc hosp,2021-03-12,quantile,0.9,420.8705478087963
06,2021-03-01,11 day ahead inc hosp,2021-03-12,quantile,0.95,458.76478365453875
06,2021-03-01,11 day ahead inc hosp,2021-03-12,quantile,0.975,507.39066296677635
06,2021-03-01,11 day ahead inc hosp,2021-03-12,quantile,0.99,552.1585677158105
06,2021-03-01,12 day ahead inc hosp,2021-03-13,quantile,0.01,104.65607477935879
06,2021-03-01,12 day ahead inc hosp,2021-03-13,quantile,0.025,121.54991259442646
06,2021-03-01,12 day ahead inc hosp,2021-03-13,quantile,0.05,146.3695842133089
06,2021-03-01,12 day ahead inc hosp,2021-03-13,quantile,0.1,168.07204064316414
06,2021-03-01,12 day ahead inc hosp,2021-03-13,quantile,0.15,182.56053631675962
06,2021-03-01,12 day ahead inc hosp,2021-03-13,quantile,0.2,197.3179287456091
06,2021-03-01,12 day ahead inc hosp,2021-03-13,quantile,0.25,209.02025187211035
06,2021-03-01,12 day ahead inc hosp,2021-03-13,quantile,0.3,218.52099518147244
06,2021-03-01,12 day ahead inc hosp,2021-03-13,quantile,0.35,230.75801345177973
06,2021-03-01,12 day ahead inc hosp,2021-03-13,quantile,0.4,240.76377764945877
06,2021-03-01,12 day ahead inc hosp,2021-03-13,quantile,0.45,249.13440577187714
06,2021-03-01,12 day ahead inc hosp,2021-03-13,quantile,0.5,259.0731868380329
06,2021-03-01,12 day ahead inc hosp,2021-03-13,quantile,0.55,269.11765101775813
06,2021-03-01,12 day ahead inc hosp,2021-03-13,quantile,0.6,278.7842535208815
06,2021-03-01,12 day ahead inc hosp,2021-03-13,quantile,0.65,291.0985074155976
06,2021-03-01,12 day ahead inc hosp,2021-03-13,quantile,0.7,303.0444553239821
06,2021-03-01,12 day ahead inc hosp,2021-03-13,quantile,0.75,313.5225246699144
06,2021-03-01,12 day ahead inc hosp,2021-03-13,quantile,0.8,331.04731265007035
06,2021-03-01,12 day ahead inc hosp,2021-03-13,quantile,0.85,348.24356606966654
06,2021-03-01,12 day ahead inc hosp,2021-03-13,quantile,0.9,372.401976574641
06,2021-03-01,12 day ahead inc hosp,2021-03-13,quantile,0.95,419.70397359545717
06,2021-03-01,12 day ahead inc hosp,2021-03-13,quantile,0.975,449.9018079254694
06,2021-03-01,12 day ahead inc hosp,2021-03-13,quantile,0.99,517.1301043379782
06,2021-03-01,13 day ahead inc hosp,2021-03-14,quantile,0.01,84.72666142795781
06,2021-03-01,13 day ahead inc hosp,2021-03-14,quantile,0.025,100.46393455139558
06,2021-03-01,13 day ahead inc hosp,2021-03-14,quantile,0.05,122.12597775186967
06,2021-03-01,13 day ahead inc hosp,2021-03-14,quantile,0.1,140.66523578470708
06,2021-03-01,13 day ahead inc hosp,2021-03-14,quantile,0.15,156.75639949930604
06,2021-03-01,13 day ahead inc hosp,2021-03-14,quantile,0.2,171.28923286188376
06,2021-03-01,13 day ahead inc hosp,2021-03-14,quantile,0.25,183.3889236402272
06,2021-03-01,13 day ahead inc hosp,2021-03-14,quantile,0.3,194.0758185512894
06,2021-03-01,13 day ahead inc hosp,2021-03-14,quantile,0.35,203.34743552899917
06,2021-03-01,13 day ahead inc hosp,2021-03-14,quantile,0.4,211.74229186859552
06,2021-03-01,13 day ahead inc hosp,2021-03-14,quantile,0.45,222.1126669591044
06,2021-03-01,13 day ahead inc hosp,2021-03-14,quantile,0.5,231.12529876243448
06,2021-03-01,13 day ahead inc hosp,2021-03-14,quantile,0.55,239.99425179053975
06,2021-03-01,13 day ahead inc hosp,2021-03-14,quantile,0.6,251.5773693579187
06,2021-03-01,13 day ahead inc hosp,2021-03-14,quantile,0.65,259.90871220970615
06,2021-03-01,13 day ahead inc hosp,2021-03-14,quantile,0.7,270.29484650183855
06,2021-03-01,13 day ahead inc hosp,2021-03-14,quantile,0.75,283.66178805109774
06,2021-03-01,13 day ahead inc hosp,2021-03-14,quantile,0.8,298.3213353902591
06,2021-03-01,13 day ahead inc hosp,2021-03-14,quantile,0.85,318.9545055374505
06,2021-03-01,13 day ahead inc hosp,2021-03-14,quantile,0.9,343.39295310163817
06,2021-03-01,13 day ahead inc hosp,2021-03-14,quantile,0.95,389.3830599234287
06,2021-03-01,13 day ahead inc hosp,2021-03-14,quantile,0.975,425.93848897592295
06,2021-03-01,13 day ahead inc hosp,2021-03-14,quantile,0.99,483.95025988114963
06,2021-03-01,14 day ahead inc hosp,2021-03-15,quantile,0.01,95.35564920975042
06,2021-03-01,14 day ahead inc hosp,2021-03-15,quantile,0.025,111.12510790115579
06,2021-03-01,14 day ahead inc hosp,2021-03-15,quantile,0.05,134.15531692116156
06,2021-03-01,14 day ahead inc hosp,2021-03-15,quantile,0.1,160.65883802226713
06,2021-03-01,14 day ahead inc hosp,2021-03-15,quantile,0.15,178.45867501255125
06,2021-03-01,14 day ahead inc hosp,2021-03-15,quantile,0.2,191.47682369238163
06,2021-03-01,14 day ahead inc hosp,2021-03-15,quantile,0.25,203.8439644288559
06,2021-03-01,14 day ahead inc hosp,2021-03-15,quantile,0.3,214.97380942363282
06,2021-03-01,14 day ahead inc hosp,2021-03-15,quantile,0.35,229.93882450939512
06,2021-03-01,14 day ahead inc hosp,2021-03-15,quantile,0.4,241.6265762761433
06,2021-03-01,14 day ahead inc hosp,2021-03-15,quantile,0.45,253.92618757528697
06,2021-03-01,14 day ahead inc hosp,2021-03-15,quantile,0.5,263.8993653390239
06,2021-03-01,14 day ahead inc hosp,2021-03-15,quantile,0.55,273.5600072751006
06,2021-03-01,14 day ahead inc hosp,2021-03-15,quantile,0.6,286.3777880567961
06,2021-03-01,14 day ahead inc hosp,2021-03-15,quantile,0.65,299.87762328794446
06,2021-03-01,14 day ahead inc hosp,2021-03-15,quantile,0.7,313.0862688000874
06,2021-03-01,14 day ahead inc hosp,2021-03-15,quantile,0.75,327.6661327764119
06,2021-03-01,14 day ahead inc hosp,2021-03-15,quantile,0.8,344.72297251583115
06,2021-03-01,14 day ahead inc hosp,2021-03-15,quantile,0.85,364.27613944131343
06,2021-03-01,14 day ahead inc hosp,2021-03-15,quantile,0.9,395.6952747591627
06,2021-03-01,14 day ahead inc hosp,2021-03-15,quantile,0.95,448.33299997731416
06,2021-03-01,14 day ahead inc hosp,2021-03-15,quantile,0.975,485.64852726111354
06,2021-03-01,14 day ahead inc hosp,2021-03-15,quantile,0.99,534.2402693109218
06,2021-03-01,15 day ahead inc hosp,2021-03-16,quantile,0.01,80.25267049836886
06,2021-03-01,15 day ahead inc hosp,2021-03-16,quantile,0.025,106.69886744668571
06,2021-03-01,15 day ahead inc hosp,2021-03-16,quantile,0.05,127.12949314263017
06,2021-03-01,15 day ahead inc hosp,2021-03-16,quantile,0.1,151.89196691037446
06,2021-03-01,15 day ahead inc hosp,2021-03-16,quantile,0.15,171.09563980247944
06,2021-03-01,15 day ahead inc hosp,2021-03-16,quantile,0.2,186.6396716690101
06,2021-03-01,15 day ahead inc hosp,2021-03-16,quantile,0.25,199.54074818515335
06,2021-03-01,15 day ahead inc hosp,2021-03-16,quantile,0.3,212.8326345670199
06,2021-03-01,15 day ahead inc hosp,2021-03-16,quantile,0.35,229.29899104281816
06,2021-03-01,15 day ahead inc hosp,2021-03-16,quantile,0.4,243.01885997188955
06,2021-03-01,15 day ahead inc hosp,2021-03-16,quantile,0.45,257.02902551387456
06,2021-03-01,15 day ahead inc hosp,2021-03-16,quantile,0.5,267.2039811721408
06,2021-03-01,15 day ahead inc hosp,2021-03-16,quantile,0.55,276.0298167952919
06,2021-03-01,15 day ahead inc hosp,2021-03-16,quantile,0.6,285.7580204433089
06,2021-03-01,15 day ahead inc hosp,2021-03-16,quantile,0.65,300.652197259409
06,2021-03-01,15 day ahead inc hosp,2021-03-16,quantile,0.7,314.9229508484022
06,2021-03-01,15 day ahead inc hosp,2021-03-16,quantile,0.75,330.0797748790507
06,2021-03-01,15 day ahead inc hosp,2021-03-16,quantile,0.8,357.5799829634203
06,2021-03-01,15 day ahead inc hosp,2021-03-16,quantile,0.85,377.0593602868971
06,2021-03-01,15 day ahead inc hosp,2021-03-16,quantile,0.9,414.5504796587752
06,2021-03-01,15 day ahead inc hosp,2021-03-16,quantile,0.95,457.8017960683744
06,2021-03-01,15 day ahead inc hosp,2021-03-16,quantile,0.975,512.1379388951767
06,2021-03-01,15 day ahead inc hosp,2021-03-16,quantile,0.99,577.8459143569319
06,2021-03-01,16 day ahead inc hosp,2021-03-17,quantile,0.01,68.88124862996186
06,2021-03-01,16 day ahead inc hosp,2021-03-17,quantile,0.025,83.8990314714335
06,2021-03-01,16 day ahead inc hosp,2021-03-17,quantile,0.05,110.36365089127949
06,2021-03-01,16 day ahead inc hosp,2021-03-17,quantile,0.1,135.10021356420796
06,2021-03-01,16 day ahead inc hosp,2021-03-17,quantile,0.15,151.38795789142765
06,2021-03-01,16 day ahead inc hosp,2021-03-17,quantile,0.2,168.8755187230994
06,2021-03-01,16 day ahead inc hosp,2021-03-17,quantile,0.25,181.4638973139648
06,2021-03-01,16 day ahead inc hosp,2021-03-17,quantile,0.3,194.1797962121172
06,2021-03-01,16 day ahead inc hosp,2021-03-17,quantile,0.35,207.9664010390773
06,2021-03-01,16 day ahead inc hosp,2021-03-17,quantile,0.4,217.98269241362334
06,2021-03-01,16 day ahead inc hosp,2021-03-17,quantile,0.45,230.72310405956506
06,2021-03-01,16 day ahead inc hosp,2021-03-17,quantile,0.5,242.95014257042203
06,2021-03-01,16 day ahead inc hosp,2021-03-17,quantile,0.55,255.00344781854696
06,2021-03-01,16 day ahead inc hosp,2021-03-17,quantile,0.6,267.5629161861329
06,2021-03-01,16 day ahead inc hosp,2021-03-17,quantile,0.65,280.869533981315
06,2021-03-01,16 day ahead inc hosp,2021-03-17,quantile,0.7,294.34057966291016
06,2021-03-01,16 day ahead inc hosp,2021-03-17,quantile,0.75,310.67824680903794
06,2021-03-01,16 day ahead inc hosp,2021-03-17,quantile,0.8,334.1605705031523
06,2021-03-01,16 day ahead inc hosp,2021-03-17,quantile,0.85,360.80799454548577
06,2021-03-01,16 day ahead inc hosp,2021-03-17,quantile,0.9,403.03512345653047
06,2021-03-01,16 day ahead inc hosp,2021-03-17,quantile,0.95,454.836457579621
06,2021-03-01,16 day ahead inc hosp,2021-03-17,quantile,0.975,508.00363169763284
06,2021-03-01,16 day ahead inc hosp,2021-03-17,quantile,0.99,560.3581468627851
06,2021-03-01,17 day ahead inc hosp,2021-03-18,quantile,0.01,50.348518624897174
06,2021-03-01,17 day ahead inc hosp,2021-03-18,quantile,0.025,74.48265013088026
06,2021-03-01,17 day ahead inc hosp,2021-03-18,quantile,0.05,92.65010542303789
06,2021-03-01,17 day ahead inc hosp,2021-03-18,quantile,0.1,114.7231487471951
06,2021-03-01,17 day ahead inc hosp,2021-03-18,quantile,0.15,131.8319982417566
06,2021-03-01,17 day ahead inc hosp,2021-03-18,quantile,0.2,149.22359914211657
06,2021-03-01,17 day ahead inc hosp,2021-03-18,quantile,0.25,163.62555288228046
06,2021-03-01,17 day ahead inc hosp,2021-03-18,quantile,0.3,176.52739340288207
06,2021-03-01,17 day ahead inc hosp,2021-03-18,quantile,0.35,189.03848363368292
06,2021-03-01,17 day ahead inc hosp,2021-03-18,quantile,0.4,201.8294870559528
06,2021-03-01,17 day ahead inc hosp,2021-03-18,quantile,0.45,213.586123666016
06,2021-03-01,17 day ahead inc hosp,2021-03-18,quantile,0.5,227.97909431776745
06,2021-03-01,17 day ahead inc hosp,2021-03-18,quantile,0.55,240.50346139323636
06,2021-03-01,17 day ahead inc hosp,2021-03-18,quantile,0.6,251.32156840105492
06,2021-03-01,17 day ahead inc hosp,2021-03-18,quantile,0.65,262.13589800438297
06,2021-03-01,17 day ahead inc hosp,2021-03-18,quantile,0.7,276.50886786971716
06,2021-03-01,17 day ahead inc hosp,2021-03-18,quantile,0.75,291.3345110390018
06,2021-03-01,17 day ahead inc hosp,2021-03-18,quantile,0.8,310.56644036214647
06,2021-03-01,17 day ahead inc hosp,2021-03-18,quantile,0.85,344.06961733788575
06,2021-03-01,17 day ahead inc hosp,2021-03-18,quantile,0.9,379.1740038105079
06,2021-03-01,17 day ahead inc hosp,2021-03-18,quantile,0.95,435.3822120285008
06,2021-03-01,17 day ahead inc hosp,2021-03-18,quantile,0.975,504.96174047343294
06,2021-03-01,17 day ahead inc hosp,2021-03-18,quantile,0.99,569.980151873687
06,2021-03-01,18 day ahead inc hosp,2021-03-19,quantile,0.01,53.193563148444134
06,2021-03-01,18 day ahead inc hosp,2021-03-19,quantile,0.025,65.07290559130313
06,2021-03-01,18 day ahead inc hosp,2021-03-19,quantile,0.05,82.47672910279485
06,2021-03-01,18 day ahead inc hosp,2021-03-19,quantile,0.1,111.01594220747803
06,2021-03-01,18 day ahead inc hosp,2021-03-19,quantile,0.15,127.62481221777942
06,2021-03-01,18 day ahead inc hosp,2021-03-19,quantile,0.2,145.115158179937
06,2021-03-01,18 day ahead inc hosp,2021-03-19,quantile,0.25,156.78771699248918
06,2021-03-01,18 day ahead inc hosp,2021-03-19,quantile,0.3,169.73345936322934
06,2021-03-01,18 day ahead inc hosp,2021-03-19,quantile,0.35,185.5826756423231
06,2021-03-01,18 day ahead inc hosp,2021-03-19,quantile,0.4,196.83438639053688
06,2021-03-01,18 day ahead inc hosp,2021-03-19,quantile,0.45,210.94716859406412
06,2021-03-01,18 day ahead inc hosp,2021-03-19,quantile,0.5,222.9209401495485
06,2021-03-01,18 day ahead inc hosp,2021-03-19,quantile,0.55,235.486463818764
06,2021-03-01,18 day ahead inc hosp,2021-03-19,quantile,0.6,248.4628245297511
06,2021-03-01,18 day ahead inc hosp,2021-03-19,quantile,0.65,260.7143891969796
06,2021-03-01,18 day ahead inc hosp,2021-03-19,quantile,0.7,277.74383074404227
06,2021-03-01,18 day ahead inc hosp,2021-03-19,quantile,0.75,299.89771867675364
06,2021-03-01,18 day ahead inc hosp,2021-03-19,quantile,0.8,318.83531314048275
06,2021-03-01,18 day ahead inc hosp,2021-03-19,quantile,0.85,347.4210586673526
06,2021-03-01,18 day ahead inc hosp,2021-03-19,quantile,0.9,399.0800640037094
06,2021-03-01,18 day ahead inc hosp,2021-03-19,quantile,0.95,455.43125208090396
06,2021-03-01,18 day ahead inc hosp,2021-03-19,quantile,0.975,507.47983326183515
06,2021-03-01,18 day ahead inc hosp,2021-03-19,quantile,0.99,611.2277466936439
06,2021-03-01,19 day ahead inc hosp,2021-03-20,quantile,0.01,31.473994739702242
06,2021-03-01,19 day ahead inc hosp,2021-03-20,quantile,0.025,49.89125123641999
06,2021-03-01,19 day ahead inc hosp,2021-03-20,quantile,0.05,66.6433755713839
06,2021-03-01,19 day ahead inc hosp,2021-03-20,quantile,0.1,88.43330383549217
06,2021-03-01,19 day ahead inc hosp,2021-03-20,quantile,0.15,106.3976144099219
06,2021-03-01,19 day ahead inc hosp,2021-03-20,quantile,0.2,121.306236175091
06,2021-03-01,19 day ahead inc hosp,2021-03-20,quantile,0.25,134.06857539254543
06,2021-03-01,19 day ahead inc hosp,2021-03-20,quantile,0.3,146.14938317642745
06,2021-03-01,19 day ahead inc hosp,2021-03-20,quantile,0.35,160.46900363926244
06,2021-03-01,19 day ahead inc hosp,2021-03-20,quantile,0.4,171.74104896656092
06,2021-03-01,19 day ahead inc hosp,2021-03-20,quantile,0.45,181.68910188151992
06,2021-03-01,19 day ahead inc hosp,2021-03-20,quantile,0.5,196.6903576576086
06,2021-03-01,19 day ahead inc hosp,2021-03-20,quantile,0.55,209.44859433950072
06,2021-03-01,19 day ahead inc hosp,2021-03-20,quantile,0.6,221.3698458785812
06,2021-03-01,19 day ahead inc hosp,2021-03-20,quantile,0.65,233.85662468588984
06,2021-03-01,19 day ahead inc hosp,2021-03-20,quantile,0.7,254.31287094274293
06,2021-03-01,19 day ahead inc hosp,2021-03-20,quantile,0.75,272.2037331516259
06,2021-03-01,19 day ahead inc hosp,2021-03-20,quantile,0.8,294.3258873949419
06,2021-03-01,19 day ahead inc hosp,2021-03-20,quantile,0.85,321.8557497999144
06,2021-03-01,19 day ahead inc hosp,2021-03-20,quantile,0.9,357.30118528966074
06,2021-03-01,19 day ahead inc hosp,2021-03-20,quantile,0.95,420.4030458526884
06,2021-03-01,19 day ahead inc hosp,2021-03-20,quantile,0.975,487.1652412901691
06,2021-03-01,19 day ahead inc hosp,2021-03-20,quantile,0.99,576.8592998826344
06,2021-03-01,20 day ahead inc hosp,2021-03-21,quantile,0.01,25.539967788545503
06,2021-03-01,20 day ahead inc hosp,2021-03-21,quantile,0.025,32.9782333663136
06,2021-03-01,20 day ahead inc hosp,2021-03-21,quantile,0.05,52.55067377040296
06,2021-03-01,20 day ahead inc hosp,2021-03-21,quantile,0.1,73.29548599484498
06,2021-03-01,20 day ahead inc hosp,2021-03-21,quantile,0.15,86.8337972370741
06,2021-03-01,20 day ahead inc hosp,2021-03-21,quantile,0.2,100.01480110352007
06,2021-03-01,20 day ahead inc hosp,2021-03-21,quantile,0.25,112.0005611842988
06,2021-03-01,20 day ahead inc hosp,2021-03-21,quantile,0.3,124.56990327869103
06,2021-03-01,20 day ahead inc hosp,2021-03-21,quantile,0.35,136.26709468380827
06,2021-03-01,20 day ahead inc hosp,2021-03-21,quantile,0.4,147.08278703425432
06,2021-03-01,20 day ahead inc hosp,2021-03-21,quantile,0.45,160.5109475354288
06,2021-03-01,20 day ahead inc hosp,2021-03-21,quantile,0.5,172.2679439233226
06,2021-03-01,20 day ahead inc hosp,2021-03-21,quantile,0.55,183.7804528947174
06,2021-03-01,20 day ahead inc hosp,2021-03-21,quantile,0.6,198.83652224365466
06,2021-03-01,20 day ahead inc hosp,2021-03-21,quantile,0.65,211.7361592336269
06,2021-03-01,20 day ahead inc hosp,2021-03-21,quantile,0.7,227.22938106545863
06,2021-03-01,20 day ahead inc hosp,2021-03-21,quantile,0.75,246.09005140379074
06,2021-03-01,20 day ahead inc hosp,2021-03-21,quantile,0.8,269.34767381449626
06,2021-03-01,20 day ahead inc hosp,2021-03-21,quantile,0.85,291.74244327841814
06,2021-03-01,20 day ahead inc hosp,2021-03-21,quantile,0.9,325.8317222923111
06,2021-03-01,20 day ahead inc hosp,2021-03-21,quantile,0.95,406.2692146352255
06,2021-03-01,20 day ahead inc hosp,2021-03-21,quantile,0.975,461.7510420289708
06,2021-03-01,20 day ahead inc hosp,2021-03-21,quantile,0.99,544.6656276353077
06,2021-03-01,21 day ahead inc hosp,2021-03-22,quantile,0.01,27.587697080683096
06,2021-03-01,21 day ahead inc hosp,2021-03-22,quantile,0.025,36.65219291145764
06,2021-03-01,21 day ahead inc hosp,2021-03-22,quantile,0.05,53.96539886067741
06,2021-03-01,21 day ahead inc hosp,2021-03-22,quantile,0.1,78.00565189702918
06,2021-03-01,21 day ahead inc hosp,2021-03-22,quantile,0.15,96.77247886860593
06,2021-03-01,21 day ahead inc hosp,2021-03-22,quantile,0.2,112.37070781319844
06,2021-03-01,21 day ahead inc hosp,2021-03-22,quantile,0.25,126.33890618930728
06,2021-03-01,21 day ahead inc hosp,2021-03-22,quantile,0.3,139.17371628487544
06,2021-03-01,21 day ahead inc hosp,2021-03-22,quantile,0.35,153.21901905961147
06,2021-03-01,21 day ahead inc hosp,2021-03-22,quantile,0.4,171.52654175197623
06,2021-03-01,21 day ahead inc hosp,2021-03-22,quantile,0.45,182.43306142987583
06,2021-03-01,21 day ahead inc hosp,2021-03-22,quantile,0.5,194.58428435407924
06,2021-03-01,21 day ahead inc hosp,2021-03-22,quantile,0.55,207.1199137697561
06,2021-03-01,21 day ahead inc hosp,2021-03-22,quantile,0.6,220.83595100133522
06,2021-03-01,21 day ahead inc hosp,2021-03-22,quantile,0.65,237.70098255474352
06,2021-03-01,21 day ahead inc hosp,2021-03-22,quantile,0.7,253.5609844865242
06,2021-03-01,21 day ahead inc hosp,2021-03-22,quantile,0.75,275.19815623416355
06,2021-03-01,21 day ahead inc hosp,2021-03-22,quantile,0.8,300.87031305968105
06,2021-03-01,21 day ahead inc hosp,2021-03-22,quantile,0.85,331.3445888889501
06,2021-03-01,21 day ahead inc hosp,2021-03-22,quantile,0.9,367.9522358965488
06,2021-03-01,21 day ahead inc hosp,2021-03-22,quantile,0.95,452.8351169864145
06,2021-03-01,21 day ahead inc hosp,2021-03-22,quantile,0.975,511.4297860418507
06,2021-03-01,21 day ahead inc hosp,2021-03-22,quantile,0.99,621.5094238818191
06,2021-03-01,22 day ahead inc hosp,2021-03-23,quantile,0.01,21.822082408609077
06,2021-03-01,22 day ahead inc hosp,2021-03-23,quantile,0.025,31.33463619251014
06,2021-03-01,22 day ahead inc hosp,2021-03-23,quantile,0.05,47.902176956280485
06,2021-03-01,22 day ahead inc hosp,2021-03-23,quantile,0.1,74.62184430519967
06,2021-03-01,22 day ahead inc hosp,2021-03-23,quantile,0.15,89.17677416789815
06,2021-03-01,22 day ahead inc hosp,2021-03-23,quantile,0.2,104.53694960836965
06,2021-03-01,22 day ahead inc hosp,2021-03-23,quantile,0.25,120.66508932628935
06,2021-03-01,22 day ahead inc hosp,2021-03-23,quantile,0.3,137.12083229038439
06,2021-03-01,22 day ahead inc hosp,2021-03-23,quantile,0.35,151.19757047121712
06,2021-03-01,22 day ahead inc hosp,2021-03-23,quantile,0.4,165.398839333333
06,2021-03-01,22 day ahead inc hosp,2021-03-23,quantile,0.45,181.5109352089173
06,2021-03-01,22 day ahead inc hosp,2021-03-23,quantile,0.5,197.28917103759395
06,2021-03-01,22 day ahead inc hosp,2021-03-23,quantile,0.55,211.9486080864873
06,2021-03-01,22 day ahead inc hosp,2021-03-23,quantile,0.6,226.8558708328844
06,2021-03-01,22 day ahead inc hosp,2021-03-23,quantile,0.65,240.19442933475784
06,2021-03-01,22 day ahead inc hosp,2021-03-23,quantile,0.7,259.11049635777107
06,2021-03-01,22 day ahead inc hosp,2021-03-23,quantile,0.75,275.7167233238893
06,2021-03-01,22 day ahead inc hosp,2021-03-23,quantile,0.8,305.8297209670872
06,2021-03-01,22 day ahead inc hosp,2021-03-23,quantile,0.85,344.1340918948984
06,2021-03-01,22 day ahead inc hosp,2021-03-23,quantile,0.9,392.10305566443304
06,2021-03-01,22 day ahead inc hosp,2021-03-23,quantile,0.95,468.39153389958966
06,2021-03-01,22 day ahead inc hosp,2021-03-23,quantile,0.975,548.938231726604
06,2021-03-01,22 day ahead inc hosp,2021-03-23,quantile,0.99,675.7237381655491
06,2021-03-01,23 day ahead inc hosp,2021-03-24,quantile,0.01,15.015813408752328
06,2021-03-01,23 day ahead inc hosp,2021-03-24,quantile,0.025,26.582652579244016
06,2021-03-01,23 day ahead inc hosp,2021-03-24,quantile,0.05,41.951983644462075
06,2021-03-01,23 day ahead inc hosp,2021-03-24,quantile,0.1,61.34394256879139
06,2021-03-01,23 day ahead inc hosp,2021-03-24,quantile,0.15,78.7074965616987
06,2021-03-01,23 day ahead inc hosp,2021-03-24,quantile,0.2,94.82681108584896
06,2021-03-01,23 day ahead inc hosp,2021-03-24,quantile,0.25,107.79992136534663
06,2021-03-01,23 day ahead inc hosp,2021-03-24,quantile,0.3,125.54010495076446
06,2021-03-01,23 day ahead inc hosp,2021-03-24,quantile,0.35,138.65173737878456
06,2021-03-01,23 day ahead inc hosp,2021-03-24,quantile,0.4,155.45344289845704
06,2021-03-01,23 day ahead inc hosp,2021-03-24,quantile,0.45,169.67596038225594
06,2021-03-01,23 day ahead inc hosp,2021-03-24,quantile,0.5,180.7238385147669
06,2021-03-01,23 day ahead inc hosp,2021-03-24,quantile,0.55,195.59876321011794
06,2021-03-01,23 day ahead inc hosp,2021-03-24,quantile,0.6,209.61367442828555
06,2021-03-01,23 day ahead inc hosp,2021-03-24,quantile,0.65,223.8821661499836
06,2021-03-01,23 day ahead inc hosp,2021-03-24,quantile,0.7,242.9768812276658
06,2021-03-01,23 day ahead inc hosp,2021-03-24,quantile,0.75,266.9644299809666
06,2021-03-01,23 day ahead inc hosp,2021-03-24,quantile,0.8,295.7752294727322
06,2021-03-01,23 day ahead inc hosp,2021-03-24,quantile,0.85,336.0698418722592
06,2021-03-01,23 day ahead inc hosp,2021-03-24,quantile,0.9,383.00290055276923
06,2021-03-01,23 day ahead inc hosp,2021-03-24,quantile,0.95,455.1968694999851
06,2021-03-01,23 day ahead inc hosp,2021-03-24,quantile,0.975,561.8772232753663
06,2021-03-01,23 day ahead inc hosp,2021-03-24,quantile,0.99,665.3160797227447
06,2021-03-01,24 day ahead inc hosp,2021-03-25,quantile,0.01,9.3692349130207
06,2021-03-01,24 day ahead inc hosp,2021-03-25,quantile,0.025,20.01253715506501
06,2021-03-01,24 day ahead inc hosp,2021-03-25,quantile,0.05,33.17409791695308
06,2021-03-01,24 day ahead inc hosp,2021-03-25,quantile,0.1,50.42207997323643
06,2021-03-01,24 day ahead inc hosp,2021-03-25,quantile,0.15,68.5611799606926
06,2021-03-01,24 day ahead inc hosp,2021-03-25,quantile,0.2,82.06878300062098
06,2021-03-01,24 day ahead inc hosp,2021-03-25,quantile,0.25,95.34500911649974
06,2021-03-01,24 day ahead inc hosp,2021-03-25,quantile,0.3,110.42757609728754
06,2021-03-01,24 day ahead inc hosp,2021-03-25,quantile,0.35,126.28866887811877
06,2021-03-01,24 day ahead inc hosp,2021-03-25,quantile,0.4,140.4783743379764
06,2021-03-01,24 day ahead inc hosp,2021-03-25,quantile,0.45,152.89013753897598
06,2021-03-01,24 day ahead inc hosp,2021-03-25,quantile,0.5,166.68468338806332
06,2021-03-01,24 day ahead inc hosp,2021-03-25,quantile,0.55,182.09249983492208
06,2021-03-01,24 day ahead inc hosp,2021-03-25,quantile,0.6,196.0233435254324
06,2021-03-01,24 day ahead inc hosp,2021-03-25,quantile,0.65,210.51092638933852
06,2021-03-01,24 day ahead inc hosp,2021-03-25,quantile,0.7,228.98868805864453
06,2021-03-01,24 day ahead inc hosp,2021-03-25,quantile,0.75,251.12677747809275
06,2021-03-01,24 day ahead inc hosp,2021-03-25,quantile,0.8,279.86520752705485
06,2021-03-01,24 day ahead inc hosp,2021-03-25,quantile,0.85,311.23586632192143
06,2021-03-01,24 day ahead inc hosp,2021-03-25,quantile,0.9,361.72683307508237
06,2021-03-01,24 day ahead inc hosp,2021-03-25,quantile,0.95,456.55729245707073
06,2021-03-01,24 day ahead inc hosp,2021-03-25,quantile,0.975,532.4690205568648
06,2021-03-01,24 day ahead inc hosp,2021-03-25,quantile,0.99,659.4703475000381
06,2021-03-01,25 day ahead inc hosp,2021-03-26,quantile,0.01,8.378226007008724
06,2021-03-01,25 day ahead inc hosp,2021-03-26,quantile,0.025,18.716072358914772
06,2021-03-01,25 day ahead inc hosp,2021-03-26,quantile,0.05,29.372273217995918
06,2021-03-01,25 day ahead inc hosp,2021-03-26,quantile,0.1,46.161717526114366
06,2021-03-01,25 day ahead inc hosp,2021-03-26,quantile,0.15,62.53204385977845
06,2021-03-01,25 day ahead inc hosp,2021-03-26,quantile,0.2,77.74496860213412
06,2021-03-01,25 day ahead inc hosp,2021-03-26,quantile,0.25,93.37367256164687
06,2021-03-01,25 day ahead inc hosp,2021-03-26,quantile,0.3,109.16355761690888
06,2021-03-01,25 day ahead inc hosp,2021-03-26,quantile,0.35,123.42276395094441
06,2021-03-01,25 day ahead inc hosp,2021-03-26,quantile,0.4,137.67633793158672
06,2021-03-01,25 day ahead inc hosp,2021-03-26,quantile,0.45,152.81248370199935
06,2021-03-01,25 day ahead inc hosp,2021-03-26,quantile,0.5,168.18127085099005
06,2021-03-01,25 day ahead inc hosp,2021-03-26,quantile,0.55,181.3849555088139
06,2021-03-01,25 day ahead inc hosp,2021-03-26,quantile,0.6,194.8841563224871
06,2021-03-01,25 day ahead inc hosp,2021-03-26,quantile,0.65,209.76184685307422
06,2021-03-01,25 day ahead inc hosp,2021-03-26,quantile,0.7,228.95355862233794
06,2021-03-01,25 day ahead inc hosp,2021-03-26,quantile,0.75,254.4161787084407
06,2021-03-01,25 day ahead inc hosp,2021-03-26,quantile,0.8,285.7068537860327
06,2021-03-01,25 day ahead inc hosp,2021-03-26,quantile,0.85,330.0884969270737
06,2021-03-01,25 day ahead inc hosp,2021-03-26,quantile,0.9,371.91395465401735
06,2021-03-01,25 day ahead inc hosp,2021-03-26,quantile,0.95,469.20263268329785
06,2021-03-01,25 day ahead inc hosp,2021-03-26,quantile,0.975,550.1407500757797
06,2021-03-01,25 day ahead inc hosp,2021-03-26,quantile,0.99,691.7262088100093
06,2021-03-01,26 day ahead inc hosp,2021-03-27,quantile,0.01,3.9823350407632874
06,2021-03-01,26 day ahead inc hosp,2021-03-27,quantile,0.025,9.937188032049924
06,2021-03-01,26 day ahead inc hosp,2021-03-27,quantile,0.05,19.29996101449344
06,2021-03-01,26 day ahead inc hosp,2021-03-27,quantile,0.1,37.39657413381024
06,2021-03-01,26 day ahead inc hosp,2021-03-27,quantile,0.15,50.86337490673885
06,2021-03-01,26 day ahead inc hosp,2021-03-27,quantile,0.2,66.15571737614539
06,2021-03-01,26 day ahead inc hosp,2021-03-27,quantile,0.25,78.1107628004652
06,2021-03-01,26 day ahead inc hosp,2021-03-27,quantile,0.3,92.79128413771325
06,2021-03-01,26 day ahead inc hosp,2021-03-27,quantile,0.35,106.02037771080391
06,2021-03-01,26 day ahead inc hosp,2021-03-27,quantile,0.4,118.11855896396784
06,2021-03-01,26 day ahead inc hosp,2021-03-27,quantile,0.45,129.12882664857258
06,2021-03-01,26 day ahead inc hosp,2021-03-27,quantile,0.5,142.30579923712833
06,2021-03-01,26 day ahead inc hosp,2021-03-27,quantile,0.55,159.93923684955257
06,2021-03-01,26 day ahead inc hosp,2021-03-27,quantile,0.6,174.79383077103344
06,2021-03-01,26 day ahead inc hosp,2021-03-27,quantile,0.65,191.59872936045429
06,2021-03-01,26 day ahead inc hosp,2021-03-27,quantile,0.7,211.18908113053735
06,2021-03-01,26 day ahead inc hosp,2021-03-27,quantile,0.75,238.16790024661637
06,2021-03-01,26 day ahead inc hosp,2021-03-27,quantile,0.8,264.93901334556284
06,2021-03-01,26 day ahead inc hosp,2021-03-27,quantile,0.85,298.89959474310933
06,2021-03-01,26 day ahead inc hosp,2021-03-27,quantile,0.9,347.6903995446402
06,2021-03-01,26 day ahead inc hosp,2021-03-27,quantile,0.95,436.0157147179336
06,2021-03-01,26 day ahead inc hosp,2021-03-27,quantile,0.975,522.3915853687438
06,2021-03-01,26 day ahead inc hosp,2021-03-27,quantile,0.99,691.9032755976621
06,2021-03-01,27 day ahead inc hosp,2021-03-28,quantile,0.01,2.829961147364853
06,2021-03-01,27 day ahead inc hosp,2021-03-28,quantile,0.025,6.688176758763248
06,2021-03-01,27 day ahead inc hosp,2021-03-28,quantile,0.05,16.029380026783176
06,2021-03-01,27 day ahead inc hosp,2021-03-28,quantile,0.1,28.416423926119204
06,2021-03-01,27 day ahead inc hosp,2021-03-28,quantile,0.15,41.02584496611137
06,2021-03-01,27 day ahead inc hosp,2021-03-28,quantile,0.2,54.808109132866925
06,2021-03-01,27 day ahead inc hosp,2021-03-28,quantile,0.25,65.58022729077224
06,2021-03-01,27 day ahead inc hosp,2021-03-28,quantile,0.3,78.65248405436311
06,2021-03-01,27 day ahead inc hosp,2021-03-28,quantile,0.35,90.97556420523787
06,2021-03-01,27 day ahead inc hosp,2021-03-28,quantile,0.4,101.17812082193892
06,2021-03-01,27 day ahead inc hosp,2021-03-28,quantile,0.45,114.36235552420817
06,2021-03-01,27 day ahead inc hosp,2021-03-28,quantile,0.5,125.9449759346974
06,2021-03-01,27 day ahead inc hosp,2021-03-28,quantile,0.55,141.3688595588494
06,2021-03-01,27 day ahead inc hosp,2021-03-28,quantile,0.6,157.6849070281218
06,2021-03-01,27 day ahead inc hosp,2021-03-28,quantile,0.65,176.95420709289266
06,2021-03-01,27 day ahead inc hosp,2021-03-28,quantile,0.7,194.75543328517807
06,2021-03-01,27 day ahead inc hosp,2021-03-28,quantile,0.75,215.19687712021977
06,2021-03-01,27 day ahead inc hosp,2021-03-28,quantile,0.8,250.40705917483797
06,2021-03-01,27 day ahead inc hosp,2021-03-28,quantile,0.85,281.6149690964648
06,2021-03-01,27 day ahead inc hosp,2021-03-28,quantile,0.9,333.4852643350642
06,2021-03-01,27 day ahead inc hosp,2021-03-28,quantile,0.95,416.8322250537675
06,2021-03-01,27 day ahead inc hosp,2021-03-28,quantile,0.975,526.4981822859777
06,2021-03-01,27 day ahead inc hosp,2021-03-28,quantile,0.99,644.544307534645
06,2021-03-01,28 day ahead inc hosp,2021-03-29,quantile,0.01,2.5137998925515097
06,2021-03-01,28 day ahead inc hosp,2021-03-29,quantile,0.025,7.2755766031877664
06,2021-03-01,28 day ahead inc hosp,2021-03-29,quantile,0.05,15.414742460977704
06,2021-03-01,28 day ahead inc hosp,2021-03-29,quantile,0.1,29.438534021403612
06,2021-03-01,28 day ahead inc hosp,2021-03-29,quantile,0.15,43.571528456829675
06,2021-03-01,28 day ahead inc hosp,2021-03-29,quantile,0.2,57.666429956236485
06,2021-03-01,28 day ahead inc hosp,2021-03-29,quantile,0.25,70.0566889626097
06,2021-03-01,28 day ahead inc hosp,2021-03-29,quantile,0.3,83.42892953412107
06,2021-03-01,28 day ahead inc hosp,2021-03-29,quantile,0.35,98.66701900900557
06,2021-03-01,28 day ahead inc hosp,2021-03-29,quantile,0.4,111.33016131678521
06,2021-03-01,28 day ahead inc hosp,2021-03-29,quantile,0.45,124.47444718711124
06,2021-03-01,28 day ahead inc hosp,2021-03-29,quantile,0.5,136.08650461887794
06,2021-03-01,28 day ahead inc hosp,2021-03-29,quantile,0.55,153.35191743844337
06,2021-03-01,28 day ahead inc hosp,2021-03-29,quantile,0.6,168.70243864878785
06,2021-03-01,28 day ahead inc hosp,2021-03-29,quantile,0.65,187.10466442209335
06,2021-03-01,28 day ahead inc hosp,2021-03-29,quantile,0.7,211.26570969105222
06,2021-03-01,28 day ahead inc hosp,2021-03-29,quantile,0.75,240.960268952263
06,2021-03-01,28 day ahead inc hosp,2021-03-29,quantile,0.8,268.1499205335613
06,2021-03-01,28 day ahead inc hosp,2021-03-29,quantile,0.85,308.597360585075
06,2021-03-01,28 day ahead inc hosp,2021-03-29,quantile,0.9,358.2733322693349
06,2021-03-01,28 day ahead inc hosp,2021-03-29,quantile,0.95,462.93746942507
06,2021-03-01,28 day ahead inc hosp,2021-03-29,quantile,0.975,541.1084939534086
06,2021-03-01,28 day ahead inc hosp,2021-03-29,quantile,0.99,816.0427447011454
